Accession,Disorderfraction
Q72GG0,0.0
Q72HF5,0.1160337552742616
Q72KM2,0.12195121951219512
Q72KY0,0.010958904109589041
Q72K87,0.0
Q72HA8,0.0
Q72IA8,0.0
Q72GS2,0.184
Q72GU1,0.008174386920980926
Q745Y2,0.048223350253807105
Q72H53,0.006097560975609756
Q72IT4,0.0528169014084507
P62653,0.01904761904761905
Q72I53,0.0
Q72KK1,0.6470588235294118
Q72HS9,0.04904051172707889
Q72J99,0.009900990099009901
Q72IS9,0.0
P61977,0.0
Q72GA3,0.0
Q72GF2,0.006144393241167435
Q72KL0,0.011673151750972763
Q72IG7,0.0
Q72HG7,0.003484320557491289
Q72I22,0.0
Q72KX2,0.043478260869565216
Q72J95,0.004629629629629629
Q72JX2,0.05278592375366569
Q72I41,0.00641025641025641
Q72HU6,0.0
Q72KJ3,0.013333333333333334
Q72HA4,0.0
Q72JJ3,0.0
Q72ID1,0.0
P61492,0.0594059405940594
P62669,0.0
Q72GE4,0.0
Q72H69,0.0
Q72I14,0.0
Q72GB9,0.0
Q72IP3,0.004310344827586207
Q72HP3,0.0
Q72L91,0.0
Q746P1,0.0
Q72I77,0.0
Q72H77,0.023809523809523808
Q72GW5,0.0
Q72G62,0.006060606060606061
Q72JN8,0.0
Q9ACJ8,0.011695906432748537
Q72LL4,0.0
Q72HB2,0.0
Q72JN4,0.04830917874396135
Q72HE3,0.0
Q72GW9,0.1180952380952381
Q72IE3,0.0
Q72GD6,0.01098901098901099
Q72JI9,0.0
Q72KI9,0.0
Q72HQ1,0.01834862385321101
P83453,0.006944444444444444
Q72H06,0.01282051282051282
Q72JZ6,0.003115264797507788
Q72IQ1,0.003067484662576687
Q72I06,0.0
Q72KZ6,0.01
Q72H65,0.0
Q72HW2,0.05194805194805195
Q745Z4,0.05246913580246913
P96076,0.0
Q72GE8,0.0
P62665,0.018518518518518517
Q72IW2,0.010869565217391304
Q72L83,0.0
Q72G70,0.03139013452914798
Q72GV7,0.13307984790874525
Q72H18,0.0049261083743842365
P61941,0.007575757575757576
Q72HC0,0.0
Q72JH7,0.004098360655737705
Q72IC0,0.002386634844868735
Q72J78,0.0024813895781637717
Q72KE0,0.0
Q72IN7,0.003257328990228013
Q72IZ5,0.0
Q746I8,0.0
Q72J66,0.0
Q72KW1,0.03816793893129771
Q72L37,0.0
Q72HH4,0.026041666666666668
Q72LF2,0.0
Q72GI1,0.0
Q72GN0,0.006097560975609756
Q746I4,0.0028653295128939827
P61526,0.0025
Q72KD2,0.02459016393442623
Q72J17,0.07427536231884058
Q72IH8,0.0
Q746N9,0.005571030640668524
Q72GZ2,0.034482758620689655
Q72L25,0.0026455026455026454
Q72K74,0.0
Q72J74,0.06278026905829596
Q72KB1,0.0034662045060658577
Q72II6,0.016042780748663103
Q72JB1,0.0
Q72HI6,0.0
Q72L58,0.0
Q72GH3,0.1423728813559322
Q72KG4,0.002583979328165375
Q72LB5,0.001736111111111111
Q72IL3,0.0043859649122807015
Q72JG4,0.001221001221001221
Q72HL3,0.04219409282700422
Q72GM6,0.031055900621118012
Q72GY4,0.0
Q72LE8,0.004273504273504274
Q72K21,0.023076923076923078
Q72L70,0.04257907542579075
Q72I96,0.0
Q72H96,0.08536585365853659
Q72JS6,0.016666666666666666
Q72KU5,0.0
P62442,0.02040816326530612
Q72L13,0.001976284584980237
Q72J42,0.0
Q72KR8,0.016853932584269662
Q72H88,0.0016750418760469012
Q72JR8,0.023474178403755867
Q745T9,0.0
Q72LD6,0.0
Q746L1,0.0069605568445475635
Q72HM1,0.029616724738675958
Q72JF6,0.062111801242236024
Q72LC7,0.1038961038961039
P61502,0.0
Q72KF6,0.0036900369003690036
Q72JU9,0.02054794520547945
Q72GL4,0.004934210526315789
Q72H84,0.004219409282700422
Q72HY3,0.0
Q72J33,0.005319148936170213
Q745T5,0.002932551319648094
Q72L62,0.0
Q72K33,0.0
Q72J50,0.05011389521640091
Q72JT7,0.016666666666666666
Q72L01,0.019230769230769232
Q72K50,0.0
Q72LQ6,0.01171875
Q72LB9,0.05
Q72KG8,0.0
Q72GJ7,0.00909090909090909
Q72HK2,0.006896551724137931
Q72GY8,0.0
Q72LE4,0.0
Q72L27,0.01107011070110701
P62476,0.007017543859649123
Q72K76,0.04
Q72KV1,0.03169014084507042
Q72JV1,0.0
Q72IN9,0.1411042944785276
Q72GH1,0.03746654772524532
Q72LG2,0.0
Q72KB3,0.009079118028534372
Q72JB3,0.00423728813559322
Q72JD0,0.0
Q72GN2,0.025454545454545455
Q72L39,0.0
Q72GZ0,0.005115089514066497
Q72KP2,0.6473429951690821
Q72JP2,0.0
Q72J15,0.028423772609819122
Q72J64,0.0
Q72L35,0.0
Q72J19,0.09333333333333334
Q72HH6,0.0
Q72IH6,0.01511879049676026
Q746N7,0.0
Q72LF0,0.01606425702811245
Q72JE2,0.0
Q72HN5,0.0125
Q72KE2,0.0
Q72IN5,0.007936507936507936
P61781,0.0
Q72II8,0.05785123966942149
Q72HZ7,0.0
P62356,0.00851063829787234
Q72IZ7,0.030927835051546393
O66271,0.002145922746781116
Q72J52,0.16666666666666666
Q72K52,0.0736196319018405
Q72KT5,0.0
Q72HK0,0.0
Q72IK0,0.03333333333333333
Q72JS8,0.013189448441247002
Q72H98,0.0
Q72KS8,0.06925207756232687
Q72I98,0.0
Q72GJ5,0.034013605442176874
Q72IM3,0.0
Q72LC5,0.0
P61500,0.023529411764705882
Q72JR6,0.0
Q72H86,0.0
Q72HY1,0.0
Q72KR6,0.002688172043010753
Q72I86,0.23076923076923078
Q72IY1,0.0
Q72L60,0.029411764705882353
P62360,0.0
Q72JA9,0.0
Q72G93,0.0035211267605633804
Q72LD8,0.023157894736842106
Q72KA9,0.01466275659824047
Q72KF8,0.005235602094240838
Q72LC9,0.0
Q72LP6,0.0
Q72KU7,0.0
Q72JU7,0.0
Q72KA5,0.0
Q72GM4,0.18470149253731344
Q72KT9,0.0
Q72JT9,0.01016260162601626
Q72KG6,0.0
Q72IL1,0.04568527918781726
Q72K23,0.0
Q72L72,0.0
Q72IX3,0.0
Q72I94,0.0
Q72GJ9,0.02242152466367713
Q72KS4,0.03647798742138365
Q72J23,0.006097560975609756
Q72H94,0.21634615384615385
Q72JS4,0.004705882352941176
Q72GY6,0.0
Q72H43,0.003745318352059925
Q745X2,0.015151515151515152
Q72IR9,0.003389830508474576
Q72J89,0.0
Q72HA6,0.0
Q72JJ1,0.0
Q72KL2,0.018018018018018018
Q72IG5,0.0449438202247191
Q72JL2,0.0
Q72GF0,0.0
Q72GR2,0.0014925373134328358
Q72IS7,0.0
Q72I20,0.0
Q72KX0,0.0
Q72J97,0.0019455252918287938
Q72HS7,0.03508771929824561
Q745Y0,0.05263157894736842
Q72IT6,0.08837209302325581
Q72I51,0.013824884792626729
Q72GU3,0.0
Q72IG9,0.0
Q72GA1,0.008968609865470852
Q72LN2,0.0
Q72HF7,0.2823529411764706
Q72LH1,0.00234192037470726
Q72KM0,0.006837606837606838
Q72HU8,0.2676056338028169
Q72GG2,0.0030864197530864196
Q72H32,0.0
Q72I32,0.050793650793650794
Q72K85,0.06004618937644342
Q72G72,0.0
Q72LJ9,0.002881844380403458
Q72GV5,0.0
Q746Q1,0.006818181818181818
P62667,0.0
P62381,0.0
Q72L81,0.009708737864077669
Q72HC2,0.01507537688442211
Q72IC2,0.011428571428571429
Q72GQ8,0.0584958217270195
Q72GB7,0.04247572815533981
Q72H79,0.004545454545454545
Q72GD4,0.008939974457215836
Q72I79,0.0
Q72JN6,0.0020161290322580645
Q72HE1,0.0
Q72LK7,0.0
Q746C0,0.005221932114882507
Q72H04,0.004201680672268907
P62055,0.0
Q72I04,0.0048543689320388345
Q72GC9,0.0055248618784530384
Q72KZ4,0.13267813267813267
Q72GP6,0.11428571428571428
Q72G60,0.04105571847507331
Q72IV2,0.0
Q746P3,0.0
Q72HV2,0.0
Q72H75,0.0021321961620469083
Q72LL6,0.0
Q72IB0,0.0328125
Q72JI7,0.0034782608695652175
Q72HB0,0.0
Q72KZ8,0.0
Q72GC5,0.04245283018867924
Q72JZ8,0.0064516129032258064
Q72LJ5,0.012170385395537525
Q72GV9,0.0
Q72HD3,0.0
P61490,0.027624309392265192
Q72I16,0.005494505494505495
Q72H16,0.0
Q72HP1,0.034482758620689655
Q72GQ4,0.03942652329749104
Q72JH9,0.0196078431372549
Q72IJ6,0.01631116687578419
Q72LD0,0.010869565217391304
Q72KA1,0.0
Q746L7,0.012944983818770227
Q72HJ6,0.0
Q72JA1,0.0410958904109589
Q72L68,0.0
Q72IY9,0.028368794326241134
Q72J39,0.06236559139784946
Q72L15,0.005154639175257732
Q72JU3,0.01910828025477707
Q72L76,0.0
Q72K27,0.010033444816053512
Q72KS0,0.008547008547008548
Q72I90,0.0
Q72HX7,0.04264099037138927
Q72JS0,0.0
Q72H90,0.008032128514056224
Q746M9,0.07584830339321358
Q72IK8,0.038461538461538464
Q72GM0,0.03420523138832998
Q72KG2,0.10824742268041238
Q72JG2,0.008968609865470852
Q72HL5,0.10752688172043011
Q72LE2,0.0
Q72G89,0.0
Q72GJ1,0.0
Q72HL9,0.0
Q72IL9,0.09554140127388536
Q72J56,0.04032258064516129
Q72JT1,0.03695150115473441
Q72LQ0,0.005494505494505495
Q72J35,0.0
Q72I82,0.0
Q72G97,0.011741682974559686
Q72J48,0.016181229773462782
Q72GL2,0.0
Q72L19,0.0313588850174216
Q72HM7,0.015
Q72JF0,0.01358695652173913
Q72IM7,0.08374384236453201
Q72LC1,0.0
Q72GI7,0.00425531914893617
Q72HH2,0.038461538461538464
Q72JC5,0.009202453987730062
Q72IH2,0.002457002457002457
Q746N3,0.02127659574468085
Q72LF4,0.0
Q72GZ8,0.0
Q72J60,0.00794912559618442
Q72KW7,0.0029411764705882353
Q72L31,0.002932551319648094
P62460,0.0
Q72JD8,0.07142857142857142
Q72LA9,0.0
Q72KD8,0.0
Q72J03,0.0
Q72JQ4,0.02968036529680365
Q72IZ3,0.0
Q72L52,0.010638297872340425
Q72KE6,0.005025125628140704
Q72IN1,0.0
Q72KQ8,0.08676789587852494
Q72JQ8,0.0
Q72II0,0.0
Q72HI0,0.0
Q72J72,0.0
Q72KC9,0.005420054200542005
Q72LF8,0.0058823529411764705
Q72GZ4,0.006493506493506494
Q72JC9,0.03461538461538462
Q72KP6,0.004597701149425287
Q72L40,0.2094017094017094
Q72J11,0.008438818565400843
Q72KD4,0.0
Q72GN6,0.03428571428571429
Q72KI3,0.0
Q72LL2,0.0
Q72HB4,0.017543859649122806
Q72GC1,0.0
Q72GW3,0.018518518518518517
Q72HE9,0.021352313167259787
Q72IV6,0.07888631090487239
Q746P7,0.0
Q72I71,0.0
Q72HV6,0.0
Q72H71,0.0
Q72I12,0.0
Q72IP5,0.0
Q72GQ0,0.0
Q72GE2,0.0
Q72L89,0.0226628895184136
Q72IW8,0.029177718832891247
Q72ID7,0.010101010101010102
O50147,0.0
Q72LJ1,0.0
Q72HD7,0.09090909090909091
P61494,0.0
Q72LM0,0.0
Q72IP9,0.02252252252252252
P61498,0.0
Q72GV1,0.0030959752321981426
Q745Z2,0.08609271523178808
P62663,0.058577405857740586
Q72L85,0.0
Q72IW4,0.13210039630118892
Q72HQ7,0.023622047244094488
Q72H00,0.0
Q72IQ7,0.005252100840336135
Q72HB8,0.002824858757062147
Q746D9,0.002770083102493075
Q72IB8,0.003257328990228013
Q72GD0,0.024154589371980676
Q72HE5,0.0
Q72LK3,0.0
Q72IE5,0.027833001988071572
Q72G68,0.0
Q72KX8,0.0
Q72JK7,0.0
Q746F1,0.0
Q72LN6,0.0
Q745Y4,0.0
Q72H55,0.0
Q72IT2,0.007518796992481203
Q72I55,0.004761904761904762
Q72GF8,0.01384083044982699
P62655,0.0
Q72KJ9,0.007782101167315175
Q72H36,0.0
Q72J81,0.0
Q72IF3,0.05027932960893855
P61707,0.02040816326530612
Q72KM4,0.0
Q72GT9,0.038461538461538464
Q72GS8,0.0
Q72KJ5,0.0
Q72HA2,0.07079646017699115
Q72JJ5,0.0
Q72I47,0.0
Q745X6,0.046511627906976744
Q72GT5,0.0
Q72K93,0.0913978494623656
Q72HS3,0.03225806451612903
Q72J93,0.02073365231259968
P96137,0.0
Q72IG1,0.005008347245409015
O87198,0.0026595744680851063
Q72JL6,0.0
Q72HG1,0.009828009828009828
P62659,0.0
Q72I59,0.0
Q72GF4,0.0024813895781637717
Q72H59,0.0
Q72H02,0.0
Q72IQ5,0.01805869074492099
Q72HE7,0.015384615384615385
Q72IE7,0.0
Q72HV8,0.0
Q72L99,0.0
Q72GD2,0.04419889502762431
Q72HC4,0.0
Q72IC4,0.029411764705882353
Q72LM2,0.010940919037199124
P62030,0.0
Q72H61,0.0
P62661,0.018867924528301886
Q72I61,0.03054662379421222
Q72L87,0.02364066193853428
Q72G74,0.059322033898305086
Q746B8,0.0
Q72IC8,0.018558951965065504
Q746E9,0.0078125
Q72IP7,0.037037037037037035
P62041,0.020491803278688523
Q72HP7,0.0
Q72ID5,0.004545454545454545
Q72G78,0.0
Q72IQ9,0.0
Q72HQ9,0.026694045174537988
Q72LL0,0.0
Q746D7,0.0
Q72IV4,0.004149377593360996
Q72L95,0.17966903073286053
Q72I73,0.00966183574879227
Q72H73,0.03487064116985377
Q72GW1,0.059782608695652176
Q72G66,0.06432748538011696
P61488,0.0
Q72IS1,0.025
Q72I26,0.023529411764705882
Q72HS1,0.019021739130434784
Q72J91,0.0
Q72LN8,0.0028169014084507044
Q72GU9,0.0
Q72LI5,0.13227513227513227
Q72KL4,0.0057306590257879654
Q72JL4,0.0
Q72IA0,0.04553415061295972
Q72HA0,0.0025477707006369425
Q72JJ7,0.031413612565445025
Q72I38,0.16796875
Q72JY8,0.0
Q72H45,0.10909090909090909
Q72JY4,0.002105263157894737
Q72HR3,0.011764705882352941
Q72I34,0.012578616352201259
Q72K83,0.00468384074941452
Q72IR3,0.2670157068062827
Q72GS6,0.005747126436781609
Q72I49,0.0
Q72HF1,0.02142857142857143
Q72JM6,0.0037313432835820895
Q72IF1,0.0
Q72LH7,0.03768844221105527
Q72JK5,0.05612244897959184
Q746F3,0.009937888198757764
Q72KK5,0.0
Q72LN4,0.0
Q72GR8,0.0026666666666666666
Q72KL8,0.0048543689320388345
Q72GU5,0.0
Q72LI9,0.0
Q745Y6,0.13592233009708737
Q72H57,0.0033222591362126247
Q72I57,0.0
P62657,0.0
Q72HJ8,0.002320185614849188
Q72IJ8,0.0
Q72GX2,0.043478260869565216
Q746L9,0.0
Q72JR0,0.014084507042253521
Q72KR0,0.0
Q72K37,0.0
Q72IY7,0.034653465346534656
Q72HM5,0.0
Q72LC3,0.0
Q746K4,0.23550724637681159
Q72K29,0.015444015444015444
Q72IX9,0.016042780748663103
Q72L78,0.0
Q72GJ3,0.03896103896103896
Q72HK6,0.0
Q72IK6,0.02824858757062147
Q72K54,0.015037593984962405
Q72L05,0.0011655011655011655
Q72LQ2,0.011844331641285956
Q72GY0,0.0032679738562091504
Q72IX5,0.08055555555555556
Q72K25,0.001941747572815534
P62374,0.0
Q72I92,0.056818181818181816
Q72HX5,0.010638297872340425
Q72J25,0.07673267326732673
Q72LB1,0.0
Q72IL7,0.0
Q72L09,0.0
Q72J58,0.008771929824561403
Q72G99,0.04310344827586207
Q72IJ4,0.039647577092511016
Q72LD2,0.0
Q72HJ4,0.0
Q72JA3,0.035422343324250684
Q72KU1,0.0
Q72L17,0.010638297872340425
Q72JU1,0.0018148820326678765
Q72J46,0.0
Q72IM9,0.013422818791946308
Q72HM9,0.013986013986013986
Q72GI9,0.045454545454545456
Q72KP4,0.0
Q72K13,0.06470588235294118
P16609,0.0
Q72L42,0.0583756345177665
Q72JP4,0.08522727272727272
Q745V5,0.013651877133105802
Q9ZNE0,0.0
Q72GZ6,0.0812807881773399
Q72KW9,0.0
Q72KD6,0.0
Q72LA7,0.0410958904109589
P61695,0.041666666666666664
Q72JD6,0.0
Q72KB5,0.08064516129032258
Q72II2,0.0
Q72KE8,0.0017513134851138354
Q72K70,0.010869565217391304
Q72KV7,0.0
Q72J70,0.0030959752321981426
Q72HZ1,0.013043478260869565
Q72J01,0.0
Q72IZ1,0.009937888198757764
Q72L50,0.0
P62350,0.018691588785046728
Q72K01,0.035398230088495575
Q9F0S9,0.0
Q746H2,0.037037037037037035
Q72HH0,0.014492753623188406
Q72JC7,0.029411764705882353
Q72IH0,0.0
Q746N1,0.023880597014925373
Q72LF6,0.0
Q72KC7,0.0
Q72JP8,0.0
Q72GI5,0.12585034013605442
Q72J62,0.0
Q72GN8,0.03184713375796178
Q72L33,0.015317286652078774
Q72H89,0.04417670682730924
Q72JR9,0.0
Q72GK4,0.043795620437956206
Q72I89,0.0
Q72KR9,0.1618075801749271
Q72KA6,0.08536585365853659
Q72LD7,0.0
Q746L0,0.07868852459016394
Q72JU4,0.0576036866359447
Q72GL9,0.0
Q72L12,0.04054054054054054
Q72GY5,0.0013422818791946308
Q72G82,0.0
Q72J20,0.06435643564356436
Q72JS7,0.0
P62420,0.0
Q72I97,0.0
Q72JG5,0.015748031496062992
Q72LB4,0.07171314741035857
Q72IL2,0.029197080291970802
Q72GJ6,0.09788359788359788
Q72GY9,0.007366482504604052
Q72IK3,0.0025974025974025974
Q72HK3,0.0
Q72L00,0.0425531914893617
Q72KT6,0.05917159763313609
Q72KG9,0.03414634146341464
Q72JG9,0.010510510510510511
Q72G90,0.0
Q72GX7,0.0029154518950437317
Q72K32,0.0
Q72JR5,0.0
Q72H85,0.0
Q72LC6,0.0
Q72KF7,0.0
Q72HM0,0.06060606060606061
Q72JF7,0.0
Q72GL5,0.0
Q72JU8,0.0
Q72IH5,0.0029850746268656717
Q72LF3,0.0
Q72GI0,0.0
P61989,0.01639344262295082
Q72KW0,0.060453400503778336
Q72L36,0.0498220640569395
Q72J67,0.0015337423312883436
Q72K04,0.0
Q72IZ4,0.023255813953488372
Q72L28,0.0
Q72J79,0.0
Q72JB0,0.0
Q72LG1,0.029209621993127148
Q72KB0,0.008333333333333333
Q72II7,0.0
Q72HZ8,0.0
Q72L59,0.0
Q72GH2,0.025510204081632654
Q72J75,0.0
Q72JV2,0.0
Q72KV2,0.018032786885245903
Q72JP1,0.02368421052631579
Q72J16,0.004484304932735426
Q72K16,0.0044943820224719105
Q72IH9,0.013215859030837005
Q72LA2,0.005050505050505051
Q72KD3,0.0
Q72GC6,0.004048582995951417
Q72JI4,0.0
Q72LL5,0.0
Q72KI4,0.0
P61747,0.0
Q72IB3,0.0
Q72H76,0.024024024024024024
Q72L90,0.03324808184143223
Q746P0,0.006968641114982578
Q72I76,0.0
Q72JN9,0.018518518518518517
Q72GW4,0.0
Q72LK8,0.02247191011235955
Q72KN9,0.014925373134328358
Q72G63,0.0
Q72HP2,0.0
Q72I15,0.00909090909090909
Q72IP2,0.0
Q72HD0,0.010582010582010581
Q72LJ6,0.0032679738562091504
Q72H68,0.06526806526806526
Q745Z9,0.0
P62668,0.0
Q72I68,0.03636363636363636
Q72GE5,0.00975609756097561
Q72I19,0.0
Q72H19,0.0
Q72IC1,0.0023584905660377358
Q72KH6,0.0
Q72LM7,0.0
Q746E0,0.0
Q72HC1,0.04225352112676056
P62664,0.0
Q72IW3,0.0
Q72H64,0.09210526315789473
Q72HW3,0.0
Q745Z5,0.05263157894736842
Q72G71,0.0
P61728,0.0
Q72IQ0,0.008695652173913044
Q72I07,0.0
Q72KZ7,0.09163346613545817
Q72HQ0,0.006369426751592357
Q72H07,0.0033112582781456954
Q72JZ7,0.027972027972027972
Q72GW8,0.04081632653061224
Q72LK4,0.0
Q72KK0,0.005813953488372093
Q72IS8,0.0694980694980695
Q72K98,0.0
Q72HS8,0.00641025641025641
Q72IT5,0.0514018691588785
P62652,0.0
Q72I52,0.0
Q72H52,0.06956521739130435
Q72KY1,0.0215633423180593
Q72IR6,0.0
Q72K86,0.002004008016032064
Q72H31,0.0
Q72HR6,0.016574585635359115
Q72IA9,0.0
Q72HA9,0.0
Q72GG1,0.02197802197802198
Q72LH2,0.016042780748663103
Q72HF4,0.0
Q72JM3,0.0
P61671,0.012330456226880395
Q72JJ2,0.0
Q72IA5,0.18461538461538463
Q72HF8,0.0
Q72GT2,0.03867403314917127
Q72H40,0.0
Q745X1,0.15841584158415842
Q72HU7,0.0
Q72I40,0.14965986394557823
Q72HS4,0.0
Q72H23,0.04747774480712166
Q72K94,0.0024154589371980675
Q72IS4,0.04054054054054054
Q72I23,0.0
Q72GR1,0.02912621359223301
Q72GF3,0.0367504835589942
Q72I05,0.00975609756097561
Q72KZ5,0.0
Q72H05,0.0
Q72JZ5,0.0
Q72GP7,0.0
Q72I78,0.022935779816513763
Q72KN7,0.0
Q72LK6,0.022292993630573247
Q746C1,0.05228758169934641
Q72IE0,0.0
Q72JN7,0.08860759493670886
Q72IC3,0.004545454545454545
Q72JH4,0.043795620437956206
Q72GB6,0.0
Q72G73,0.0014326647564469914
Q746Q0,0.0
Q72I66,0.02857142857142857
P62666,0.0
Q72IW1,0.005747126436781609
Q72H17,0.0
Q72HP0,0.0
Q72KH8,0.0
Q72GE7,0.0035211267605633804
Q72HB1,0.01282051282051282
Q72JZ9,0.0
Q72I09,0.008849557522123894
Q72GW6,0.011764705882352941
Q72H74,0.0110803324099723
Q72IV3,0.0
Q746P2,0.008968609865470852
Q72I74,0.0
Q72J96,0.0
Q72HS6,0.04878048780487805
Q72IS6,0.125
Q72JL3,0.12727272727272726
Q746A5,0.02830188679245283
Q72KL3,0.04583333333333333
Q72LI2,0.1411042944785276
Q72IG4,0.0
Q72HR8,0.017699115044247787
Q72K88,0.032432432432432434
Q72IR8,0.0
Q72HA7,0.166351606805293
Q72JJ0,0.17647058823529413
Q72IA7,0.05825242718446602
Q72I42,0.014492753623188406
Q72GT0,0.0
Q72GS1,0.046242774566473986
Q72I33,0.0
Q72IR4,0.034482758620689655
Q72JY3,0.0
Q72H33,0.0
Q72HR4,0.014423076923076924
Q72LH0,0.0
Q72KM1,0.0
Q72HF6,0.05089820359281437
Q72HU9,0.00909090909090909
Q72GA0,0.006666666666666667
P61661,0.0
Q72IT7,0.005405405405405406
Q72I50,0.038978494623655914
Q745Y1,0.04597701149425287
Q72H50,0.0
Q746A9,0.18292682926829268
Q72GU2,0.0
Q72IG8,0.007633587786259542
Q72HG8,0.0
Q72KR7,0.0
Q72IY0,0.0021645021645021645
Q72L61,0.05113636363636364
Q72K30,0.0
Q72JR7,0.0
Q72H87,0.05045871559633028
Q72HY0,0.004016064257028112
Q72J30,0.025787965616045846
Q72G92,0.07048458149779736
Q72GX5,0.0
Q72KA8,0.0
P34945,0.0
Q72JA8,0.0
Q72LC4,0.0
Q72KF5,0.0
Q72HM2,0.005797101449275362
Q72KS9,0.012121212121212121
Q72GJ4,0.011764705882352941
Q72L02,0.08169014084507042
P62453,0.003968253968253968
Q72KT4,0.01293103448275862
Q72LQ5,0.0
Q72JT4,0.054380664652567974
Q72H95,0.0
Q72JS5,0.0
Q72K22,0.0
Q72L73,0.017777777777777778
Q72I95,0.05511811023622047
Q72KS5,0.06606606606606606
Q72GY7,0.00945179584120983
Q72JT8,0.0
Q72GM5,0.1588235294117647
Q72JG7,0.0
Q72KG7,0.18926553672316385
Q72LB6,0.008
Q72IL0,0.007751937984496124
Q72HJ3,0.0
Q72LD5,0.0
Q72JF9,0.0
Q72JU6,0.0
Q72LP7,0.04316546762589928
Q72K14,0.0029940119760479044
Q72JD1,0.009541984732824428
Q72LA0,0.017006802721088437
Q72KD1,0.0635593220338983
P62238,0.03409090909090909
Q72J69,0.0
Q72GN3,0.0
Q72L38,0.0
Q72GH0,0.023872679045092837
Q72JB2,0.0
Q72HI5,0.0
Q72LG3,0.005970149253731343
Q72KB2,0.0
Q9ZND9,0.0
Q72II5,0.05181347150259067
Q72J77,0.045454545454545456
Q72L26,0.0
Q72K77,0.0
Q93R93,0.0
Q72HN8,0.005154639175257732
Q72II9,0.0
Q72IZ6,0.007142857142857143
Q72J06,0.01282051282051282
Q72JQ1,0.009592326139088728
P61537,0.026785714285714284
Q72IN4,0.0
Q72HN4,0.032
Q72IH7,0.001379310344827586
Q746N6,0.02553191489361702
Q72KC0,0.04466501240694789
Q72LF1,0.0
Q72HH7,0.0
Q72JC0,0.0
Q72K65,0.0
Q72J65,0.0
Q72IF2,0.014598540145985401
Q72KM5,0.0
Q72JJ8,0.004207573632538569
Q72I37,0.02207505518763797
Q72K80,0.0
Q72IR0,0.0
Q72H37,0.011764705882352941
Q72HR0,0.0
Q72IT3,0.16666666666666666
Q72GF9,0.006289308176100629
P62654,0.0
Q72H54,0.010638297872340425
Q72GA4,0.030470914127423823
Q72KX9,0.0
Q746F0,0.0
Q72KK6,0.0
Q72LN7,0.07874015748031496
Q72JK6,0.0
Q72JL7,0.010638297872340425
Q72IG0,0.0
Q72H58,0.0
P62658,0.01904761904761905
Q72I58,0.0
Q72HS2,0.02622950819672131
Q72J92,0.048144433299899696
P96136,0.0
Q72JX5,0.12916666666666668
Q72IS2,0.0
Q72K92,0.0
Q72I25,0.0
Q72GA8,0.0136986301369863
Q72H46,0.1
Q72HU1,0.0
Q72JM9,0.10526315789473684
Q72GT4,0.0
Q72KM9,0.05263157894736842
Q8VUS5,0.019390581717451522
Q72HA3,0.0
Q72JJ4,0.07476635514018691
Q72IA3,0.00904977375565611
Q72GS9,0.00641025641025641
Q72GE3,0.022988505747126436
Q72IW9,0.0
Q72HD6,0.14028776978417265
Q72ID6,0.020202020202020204
O50146,0.0
Q72IP4,0.0
Q72GQ1,0.049723756906077346
Q72HE8,0.0
Q72G65,0.0058823529411764705
Q72IE8,0.006514657980456026
Q72HV7,0.014705882352941176
Q72H70,0.0
Q72KI2,0.027829313543599257
Q72LL3,0.0
Q72IB5,0.2727272727272727
Q72GC0,0.0
Q72GD1,0.0488997555012225
Q72LK2,0.014634146341463415
Q72KN3,0.0011086474501108647
Q72IE4,0.016042780748663103
Q72HE4,0.009615384615384616
Q72I01,0.01447178002894356
Q72HQ6,0.049099836333878884
Q72H01,0.0
Q72GP3,0.03
Q746D8,0.06582278481012659
Q72IB9,0.0
P62662,0.04296875
Q72L84,0.08974358974358974
Q72IW5,0.3698630136986301
Q72H62,0.0
Q745Z3,0.014311270125223614
Q72IC7,0.017391304347826087
Q72LM1,0.0029154518950437317
Q72KH0,0.01384083044982699
Q72HC7,0.02857142857142857
Q72GB2,0.13310580204778158
Q72IP8,0.0
Q72HP8,0.0
Q746H1,0.034161490683229816
Q72KE7,0.0
Q72IN0,0.025454545454545455
Q72JE7,0.016042780748663103
Q72HN0,0.03197674418604651
Q72IZ2,0.03355704697986577
Q72L53,0.004739336492890996
Q72KQ5,0.0
Q72GH8,0.03459119496855346
Q72HZ2,0.0
Q72J02,0.0
Q72KW6,0.0045662100456621
Q72L30,0.14540059347181009
Q72JW6,0.1125
Q72J61,0.015384615384615385
Q72KD9,0.0
Q72GI6,0.0
Q72GZ9,0.02617801047120419
Q72LF5,0.0
Q72HH3,0.010126582278481013
Q746I3,0.0
Q72KD5,0.0
Q72GN7,0.03529411764705882
Q72JC8,0.002967359050445104
Q72KC8,0.0
Q72GZ5,0.023554603854389723
Q72JP7,0.0
Q745V6,0.024804177545691905
Q72J10,0.02857142857142857
Q72K10,0.006191950464396285
Q72L41,0.0
Q72J73,0.02092050209205021
Q72K73,0.008771929824561403
Q72L22,0.0
Q72KV4,0.02727272727272727
Q72GH4,0.009966777408637873
Q72KQ9,0.007042253521126761
Q72KB6,0.0
Q72II1,0.0
Q72GM1,0.09216589861751152
Q72HL4,0.0
Q72LB2,0.024305555555555556
Q72KG3,0.08917197452229299
Q72IL4,0.0
Q72HX6,0.0
Q72JS1,0.0
Q72H91,0.05947955390334572
Q72IX6,0.0
Q72L77,0.0
Q72KS1,0.08206686930091185
Q72I91,0.025889967637540454
Q72HK9,0.02962962962962963
Q72GY3,0.0
Q72IK9,0.00936768149882904
Q72G84,0.0
Q72JU2,0.02112676056338028
Q72J45,0.04221635883905013
Q72KU2,0.0
Q72LP3,0.024691358024691357
Q72L14,0.040100250626566414
Q72HJ7,0.0
Q72JA0,0.026217228464419477
Q72LD1,0.011527377521613832
Q746L6,0.0
Q72J38,0.0
Q72L69,0.007272727272727273
Q72GL3,0.05555555555555555
Q72K49,0.0
Q72L18,0.009174311926605505
Q72IM6,0.02702702702702703
Q72HM6,0.016404199475065617
Q72I83,0.011428571428571429
Q72KR3,0.06666666666666667
Q72L65,0.04
Q72IY4,0.06607929515418502
Q72H83,0.057926829268292686
Q72JR3,0.051094890510948905
Q745T2,0.016
Q72GX1,0.02997275204359673
Q72HL8,0.01532567049808429
Q72L06,0.0
Q72LQ1,0.023148148148148147
Q72KT0,0.014164305949008499
Q72J57,0.0
Q72JT0,0.0
Q72LE3,0.0
Q72IK5,0.01788617886178862
Q72G88,0.0
Q72GJ0,0.02857142857142857
Q72JE9,0.02727272727272727
Q72J71,0.0
Q72L20,0.040697674418604654
Q72KV6,0.0
Q72JB4,0.0
Q72KB4,0.024539877300613498
Q72II3,0.0
Q72GH6,0.0033112582781456954
Q72GN5,0.0
Q746I1,0.009242144177449169
Q72JP5,0.046228710462287104
Q72GI8,0.006535947712418301
P16608,0.06273062730627306
Q72K12,0.0
Q72GZ7,0.029017857142857144
Q72GN9,0.0
Q72L32,0.0
Q72J63,0.02564102564102564
Q72IH1,0.001893939393939394
Q746N0,0.07291666666666667
Q72LF7,0.009174311926605505
Q72KC6,0.021739130434782608
Q72HH1,0.0
Q72JC6,0.010676156583629894
Q72GI4,0.0
Q72JP9,0.0
Q72IZ0,0.0
Q72J00,0.0
Q72KB8,0.0
Q72JB8,0.005555555555555556
Q72K55,0.0
Q72KT2,0.0
Q72JT2,0.006153846153846154
Q72L79,0.005474452554744526
Q72GJ2,0.036303630363036306
Q72J28,0.021406727828746176
Q72HX8,0.06368563685636856
Q746M6,0.0
Q72IK7,0.025
Q72LC2,0.0
Q72HM4,0.018779342723004695
Q72IJ9,0.14864864864864866
Q72G94,0.0
Q746L8,0.0029069767441860465
Q72HJ9,0.04700854700854701
Q72I81,0.04929577464788732
Q72KR1,0.0
Q72JR1,0.0
Q72J36,0.014336917562724014
Q72J47,0.004405286343612335
Q72KU0,0.009933774834437087
Q72LP1,0.0
Q72L16,0.0
Q72HM8,0.12658227848101267
Q746K9,0.08144796380090498
Q72GK0,0.03826530612244898
Q72HJ5,0.0
Q72LD3,0.011627906976744186
P54893,0.0
Q72KA2,0.041666666666666664
Q746L4,0.03686635944700461
Q72JG1,0.002304147465437788
Q72HL6,0.027649769585253458
Q72LB0,0.0
Q72KG1,0.0034129692832764505
Q746J7,0.031578947368421054
Q72IL6,0.072992700729927
Q72L08,0.0
Q72GM3,0.0
Q72HX4,0.020050125313283207
Q72J24,0.0
Q72IX4,0.02127659574468085
Q72K24,0.002079002079002079
Q72I93,0.0
Q72GT6,0.0
Q72H44,0.13636363636363635
Q745X5,0.009708737864077669
Q72GG9,0.01936619718309859
Q72I44,0.04271356783919598
Q72HA1,0.0
Q72IA1,0.027559055118110236
Q746G0,0.0
Q72KJ6,0.06779661016949153
Q72H39,0.010135135135135136
Q72I39,0.0
Q72JL5,0.09821428571428571
Q72LI4,0.03953488372093023
Q72KL5,0.002890173410404624
Q72HS0,0.0
P96134,0.009966777408637873
Q72H27,0.006230529595015576
Q72IS0,0.02167630057803468
Q72K90,0.04926108374384237
Q72KX7,0.0
Q72JK8,0.0
Q72KK8,0.0
Q72GU4,0.1662971175166297
Q72I56,0.0979381443298969
P62656,0.0
Q746F2,0.007462686567164179
Q72I48,0.0
Q72KM7,0.006944444444444444
Q72JM7,0.00546448087431694
Q72IR2,0.0
Q72J82,0.0
Q72HR2,0.0
Q72GS7,0.08695652173913043
P62660,0.03225806451612903
Q72I60,0.15079365079365079
Q72L86,0.03940217391304348
Q72HW7,0.0
P96495,0.0029182879377431907
Q72ID8,0.006097560975609756
Q72GV2,0.013824884792626729
Q72HD8,0.043076923076923075
Q72GB0,0.0
Q72LM3,0.05016181229773463
Q72HC5,0.06172839506172839
P54903,0.004842615012106538
Q72JH2,0.0
Q72IE6,0.0
Q72HE6,0.0
Q72GD3,0.0
Q72HV9,0.0
Q72GP1,0.0
Q72H03,0.0
Q72HV5,0.005714285714285714
Q72IV5,0.03937007874015748
Q72L94,0.008
Q746P4,0.06896551724137931
Q72I72,0.012396694214876033
Q72G67,0.009523809523809525
Q72HQ8,0.0531496062992126
Q72IQ8,0.003289473684210526
Q72JI0,0.0
Q72LL1,0.0
Q746D6,0.0
Q72IB7,0.00909090909090909
Q72G79,0.0
Q72ID4,0.0
Q72IC9,0.0
Q72GQ3,0.05782312925170068
Q746E8,0.0
Q8GBB2,0.00392156862745098
Q60050,0.024324324324324326
Q72I11,0.0
Q72IP6,0.050505050505050504
